{"cameraMode":{"drawMode":0,"name":"Shaded","section":"Shading Mode"},"sceneLighting":true,"audioPlay":false,"sceneViewState":{"m_AlwaysRefresh":false,"showFog":true,"showSkybox":true,"showFlares":true,"showImageEffects":true,"showParticleSystems":true,"showVisualEffectGraphs":true,"m_FxEnabled":true},"in2DMode":false,"pivot":{"x":0.7433668375015259,"y":-2.4470248222351076,"z":1.4136161804199219},"rotation":{"x":-0.32014498114585879,"y":0.6472974419593811,"z":-0.34593433141708376,"w":-0.5990409255027771},"size":4.156950950622559,"orthographic":false}